,GME,GME,GME,GME,GME
,open,high,low,close,volume
Date,,,,,
2018-05-21,12.52,12.885,12.49,12.765,4690915
2018-05-22,12.78,12.91,12.54,12.615,4030010
2018-05-23,12.54,12.75,12.44,12.71,2822301
2018-05-24,12.58,12.78,12.45,12.73,2678786
2018-05-25,12.75,12.8,12.58,12.64,2170417
2018-05-29,12.58,13.11,12.55,13.06,3681120
2018-05-30,13.1,13.6,12.89,13.44,4463026
2018-05-31,13.48,13.59,12.97,13.195,5354455
2018-06-01,12.8,13.71,12.79,13.7,8704318
2018-06-04,13.79,14.25,13.44,14.24,6450029
2018-06-05,14.24,14.65,14.0,14.6,5131080
2018-06-06,14.68,14.69,14.25,14.42,4711734
2018-06-07,14.5,14.65,14.3674,14.49,2826443
2018-06-08,14.53,14.62,14.405,14.53,3176680
2018-06-11,14.15,14.33,14.06,14.285,4143704
2018-06-12,14.32,14.37,14.05,14.05,2936080
2018-06-13,13.97,13.97,13.05,13.34,8004053
2018-06-14,13.3,13.32,12.7,12.82,6844226
2018-06-15,12.76,14.36,12.76,13.93,11607330
2018-06-18,13.95,15.78,13.37,15.21,22586490
2018-06-19,15.37,15.76,15.1,15.76,8717442
2018-06-20,15.71,15.81,15.32,15.7,4491870
2018-06-21,15.81,15.98,15.49,15.52,3005385
2018-06-22,15.55,15.685,15.11,15.56,3323160
2018-06-25,15.41,15.72,14.94,15.1146,2325907
2018-06-26,15.19,15.2,14.69,14.97,2120882
2018-06-27,15.0,15.17,14.58,14.61,1835913
2018-06-28,14.59,14.89,14.49,14.89,1493627
2018-06-29,14.99,15.07,14.51,14.58,2728641
2018-07-02,14.59,14.7,14.03,14.15,3093284
2018-07-03,14.17,14.31,14.0,14.04,1101553
2018-07-05,14.08,14.7,14.04,14.64,3348475
2018-07-06,14.67,15.23,14.64,15.145,3579030
2018-07-09,15.57,15.625,15.165,15.46,3320884
2018-07-10,15.53,15.54,14.81,14.86,2553459
2018-07-11,14.85,14.85,14.46,14.69,1900874
2018-07-12,14.75,15.12,14.74,15.08,1663761
2018-07-13,14.99,15.46,14.99,15.29,1997509
2018-07-16,15.27,15.38,15.055,15.23,1540164
2018-07-17,15.17,15.42,14.54,14.58,2640967
2018-07-18,14.6,14.65,14.315,14.57,1746178
2018-07-19,14.58,15.03,14.5,14.92,1475748
2018-07-20,14.91,15.21,14.88,15.1,1866569
2018-07-23,15.05,15.09,14.78,14.89,1473965
2018-07-24,14.98,14.98,14.66,14.79,1246972
2018-07-25,14.69,14.704,14.25,14.51,3020757
2018-07-26,14.51,15.04,14.5,14.82,1379020
2018-07-27,14.91,14.97,14.55,14.83,1138298
2018-07-30,14.88,14.98,14.59,14.7,1333154
2018-07-31,14.72,14.73,14.41,14.41,1527880
2018-08-01,14.42,14.88,14.4,14.73,1761067
2018-08-02,14.61,14.775,14.41,14.63,1579132
2018-08-03,14.69,14.9,14.6,14.85,2285174
2018-08-06,14.88,14.98,14.74,14.86,1853660
2018-08-07,14.92,15.215,14.82,15.12,1721723
2018-08-08,15.12,15.315,15.01,15.25,1933984
2018-08-09,15.25,15.46,14.98,15.21,2109556
2018-08-10,15.18,15.6,15.1,15.32,2102152
2018-08-13,15.35,15.38,15.11,15.21,1866240
2018-08-14,15.27,15.57,15.195,15.495,1728625
2018-08-15,15.46,15.495,15.19,15.42,1833967
2018-08-16,15.54,15.56,15.215,15.22,1498791
2018-08-17,15.17,15.35,14.99,15.33,1359390
2018-08-20,15.4,15.98,15.35,15.85,3073760
2018-08-21,15.99,16.57,15.825,16.49,4666630
2018-08-22,16.51,17.27,16.51,16.98,6037594
2018-08-23,16.98,17.21,16.62,16.76,3156131
2018-08-24,16.76,16.8398,16.2,16.55,4209492
2018-08-27,16.47,16.5,14.55,14.7001,13796801
2018-08-28,14.71,14.75,14.0,14.03,6327488
2018-08-29,14.14,14.3,13.75,14.125,3564391
2018-08-30,13.99,13.99,13.52,13.61,3451416
2018-08-31,13.61,13.63,13.18,13.26,3287549
2018-09-04,13.17,14.1,13.08,14.04,5420845
2018-09-05,13.97,16.53,13.96,16.26,16272670
2018-09-06,16.15,16.25,15.08,16.21,5997055
2018-09-07,15.25,16.38,14.76,16.13,6179504
2018-09-10,16.16,16.35,15.87,15.99,2224394
2018-09-11,16.0,16.6001,16.0,16.16,2439140
2018-09-12,16.17,16.76,16.17,16.655,2989434
2018-09-13,16.71,17.04,16.61,17.03,2933985
2018-09-14,16.97,17.0,16.465,16.79,2081298
2018-09-17,16.71,16.86,16.5,16.6,1812537
2018-09-18,16.42,16.68,16.345,16.5,1495398
2018-09-19,16.5,16.8,16.45,16.6,1398266
2018-09-20,16.6,16.81,16.45,16.48,1284001
2018-09-21,16.45,16.75,16.435,16.51,1886342
2018-09-24,16.42,16.42,15.49,15.52,3197716
2018-09-25,15.64,16.09,15.3,16.01,1721170
2018-09-26,16.14,16.14,15.535,15.59,1580542
2018-09-27,15.68,15.75,15.425,15.56,1669599
2018-09-28,15.54,15.8485,15.19,15.27,2149541
2018-10-01,15.28,15.54,14.98,15.28,2766757
2018-10-02,15.17,15.31,14.84,14.88,2366139
2018-10-03,15.0,15.17,14.75,14.92,1737829
2018-10-04,14.97,15.12,14.715,14.82,1191141
2018-10-05,14.83,14.93,14.58,14.68,1758641
2018-10-08,14.71,15.19,14.66,14.98,2022984
2018-10-09,14.93,15.4499,14.7,14.77,2071016
2018-10-10,14.81,15.17,14.81,14.83,1689883
2018-10-11,14.79,15.1,14.65,14.66,1728549
2018-10-12,14.9,15.15,14.7,14.82,1569271
2018-10-15,14.81,15.0699,14.78,14.88,1296308
2018-10-16,14.97,15.3,14.7752,15.29,1717002
2018-10-17,15.29,15.48,14.78,15.34,1721827
2018-10-18,15.3,15.42,14.9,15.065,1290428
2018-10-19,14.87,15.0,14.47,14.74,2650652
2018-10-22,14.82,15.22,14.69,15.12,2036090
2018-10-23,14.97,15.31,14.7899,15.27,2077439
2018-10-24,15.3,15.6,15.08,15.08,1895204
2018-10-25,15.12,15.2,14.28,14.43,1824846
2018-10-26,14.43,14.43,13.64,13.7199,1972851
2018-10-29,13.84,14.955,13.77,14.52,2742802
2018-10-30,14.57,15.1106,14.4,14.67,1789842
2018-10-31,14.81,14.82,14.2627,14.6,1130573
2018-11-01,14.61,15.35,14.6,15.34,2314662
2018-11-02,15.42,15.755,15.19,15.61,1393530
2018-11-05,15.55,15.56,14.89,14.99,1570567
2018-11-06,14.95,15.05,14.83,14.94,1773092
2018-11-07,15.0,15.05,14.65,14.89,1834542
2018-11-08,14.9,15.02,14.78,14.86,1885351
2018-11-09,14.72,14.8,14.315,14.64,1349094
2018-11-12,14.66,14.78,13.86,13.89,1953686
2018-11-13,13.9,14.175,13.78,13.89,1945067
2018-11-14,14.09,14.11,12.88,12.96,3231039
2018-11-15,12.96,13.25,12.77,13.14,2832242
2018-11-16,12.99,12.99,12.45,12.79,5251871
2018-11-19,12.84,13.16,12.77,13.03,3153157
2018-11-20,12.6,12.905,12.14,12.3,5807057
2018-11-21,12.47,14.5,12.305,13.69,12120692
2018-11-23,13.7,13.81,13.16,13.51,2480593
2018-11-26,13.99,14.78,13.9875,14.57,5362178
2018-11-27,14.39,14.97,14.2,14.73,4127232
2018-11-28,14.72,15.065,14.72,15.03,2351314
2018-11-29,15.05,15.22,14.54,14.67,3324887
2018-11-30,12.99,13.96,12.8,13.66,10922362
2018-12-03,13.82,13.98,13.53,13.86,3625265
2018-12-04,13.99,14.11,13.44,13.495,3336271
2018-12-06,13.5,13.77,13.24,13.54,2923567
2018-12-07,13.55,14.04,13.5,13.68,3127968
2018-12-10,13.38,13.44,12.83,13.22,2519024
2018-12-11,13.35,13.4,12.8504,12.94,2104005
2018-12-12,13.06,13.53,12.98,13.24,1530327
2018-12-13,13.24,13.36,12.67,12.785,2222578
2018-12-14,12.69,13.0,12.69,12.77,1414639
2018-12-17,12.66,13.1028,12.55,12.66,1920514
2018-12-18,12.65,13.025,12.61,12.72,2364985
2018-12-19,12.76,12.975,12.523,12.6,2243920
2018-12-20,12.6,12.96,12.21,12.42,2432281
2018-12-21,12.39,12.68,11.765,11.96,2911118
2018-12-24,11.97,12.02,11.64,11.67,1243569
2018-12-26,11.72,12.39,11.56,12.39,2074922
2018-12-27,12.24,12.25,11.63,12.18,1585662
2018-12-28,12.21,12.49,12.01,12.245,1757590
2018-12-31,12.33,12.67,12.305,12.6,2390682
2019-01-02,12.45,13.18,12.42,13.07,1674171
2019-01-03,12.98,13.255,12.69,13.005,1512393
2019-01-04,14.03,15.29,13.7,15.225,10628297
2019-01-07,15.11,15.81,14.94,15.45,4298026
2019-01-08,15.5,15.885,15.15,15.82,3146098
2019-01-09,15.84,16.39,15.72,15.97,3219626
2019-01-10,15.74,16.0,15.52,15.94,2717426
2019-01-11,15.86,16.05,15.765,15.82,2257869
2019-01-14,15.84,16.14,15.57,15.625,3334514
2019-01-15,15.6,15.64,15.19,15.525,1951485
2019-01-16,15.57,15.89,15.38,15.68,1740868
2019-01-17,15.49,15.825,15.2992,15.735,1514638
2019-01-18,16.02,16.903,15.88,15.925,8008213
2019-01-22,15.81,15.9,15.16,15.22,2661100
2019-01-23,15.31,15.57,15.1299,15.485,1624666
2019-01-24,15.48,15.8,15.4392,15.795,1113317
2019-01-25,15.96,16.06,15.73,15.865,1742187
2019-01-28,15.74,15.79,14.99,15.475,2770729
2019-01-29,12.39,12.5,11.1101,11.3,28290848
2019-01-30,11.25,11.37,11.11,11.19,5459516
2019-01-31,11.17,11.53,11.1,11.34,5415361
2019-02-01,11.31,11.43,11.18,11.215,3077260
2019-02-04,11.24,11.48,11.0,11.345,3847498
2019-02-05,11.36,11.81,11.35,11.79,3877141
2019-02-06,11.62,11.7,11.4,11.52,3213137
2019-02-07,11.4,11.59,11.225,11.46,1783885
2019-02-08,11.39,11.49,11.31,11.355,1575915
2019-02-11,11.38,11.39,11.16,11.29,1698143
2019-02-12,11.3,11.59,11.3,11.55,2431011
2019-02-13,11.56,11.745,11.38,11.47,1900258
2019-02-14,11.37,11.42,11.24,11.33,2064425
2019-02-15,11.33,11.44,11.28,11.405,1842417
2019-02-19,11.46,11.47,11.13,11.185,2989946
2019-02-20,11.23,11.3,11.15,11.2,2721951
2019-02-21,11.23,11.29,11.01,11.03,2350479
2019-02-22,11.02,11.38,11.02,11.38,3037017
2019-02-25,11.38,11.8,11.38,11.55,3375446
2019-02-26,11.54,11.71,11.5,11.65,1948689
2019-02-27,11.66,11.93,11.62,11.66,3188479
2019-02-28,11.69,11.86,11.59,11.7,2451786
2019-03-01,11.88,12.01,11.75,11.75,1632050
2019-03-04,11.79,11.85,11.47,11.57,1922343
2019-03-05,12.08,12.1,11.36,11.6,5206171
2019-03-06,11.66,11.865,11.56,11.58,3076440
2019-03-07,11.56,11.66,11.435,11.59,1685345
2019-03-08,11.07,11.22,10.75,10.98,5883381
2019-03-11,10.98,11.28,10.89,11.25,2372260
2019-03-12,11.28,11.55,11.23,11.48,2006254
2019-03-13,11.54,11.6385,11.47,11.58,1976234
2019-03-14,11.31,11.34,10.9,11.0057,2575492
2019-03-15,11.0,11.12,10.91,11.06,1754143
2019-03-18,11.09,11.17,10.98,11.09,2177956
2019-03-19,11.19,11.195,10.9,10.94,2220863
2019-03-20,10.96,10.96,10.4,10.48,3761156
2019-03-21,10.47,10.725,10.35,10.55,2733112
2019-03-22,10.65,10.66,10.44,10.46,2690811
2019-03-25,10.46,10.49,10.07,10.13,3984785
2019-03-26,10.11,10.435,10.09,10.36,3153566
2019-03-27,10.37,10.54,10.25,10.28,2293982
2019-03-28,10.36,10.49,10.07,10.19,2896396
2019-03-29,10.21,10.36,10.15,10.16,2283888
2019-04-01,10.29,10.42,10.04,10.39,1974926
2019-04-02,10.37,10.41,10.09,10.1,6376498
2019-04-03,8.86,10.03,8.82,9.63,24415085
2019-04-04,9.74,10.06,9.655,10.03,7625128
2019-04-05,9.96,10.01,9.79,9.8557,5426651
2019-04-08,9.79,10.08,9.73,9.94,4315554
2019-04-09,9.85,10.0,9.81,9.83,2760336
2019-04-10,9.88,10.01,9.875,9.97,2518176
2019-04-11,9.98,9.98,9.74,9.77,2158720
2019-04-12,9.79,9.83,9.29,9.33,4366439
2019-04-15,9.27,9.35,8.81,8.94,5264276
2019-04-16,9.0,9.15,8.9473,9.08,4487360
2019-04-17,9.11,9.12,8.75,8.94,3658443
2019-04-18,8.86,9.0275,8.74,8.78,3685943
2019-04-22,8.75,8.8173,8.53,8.65,5508187
2019-04-23,8.64,8.965,8.64,8.895,4181045
2019-04-24,8.9,9.06,8.89,9.01,3836308
2019-04-25,8.99,9.0,8.715,8.95,2418402
2019-04-26,8.93,9.03,8.88,8.89,2093252
2019-04-29,8.89,8.9,8.705,8.77,2379930
2019-04-30,8.8,8.85,8.65,8.66,2864989
2019-05-01,8.66,8.79,8.47,8.5,3029408
2019-05-02,8.51,8.83,8.51,8.77,2957311
2019-05-03,8.81,8.99,8.77,8.97,2007530
2019-05-06,8.85,8.92,8.66,8.855,2242022
2019-05-07,8.77,8.92,8.685,8.77,2380942
2019-05-08,8.75,8.845,8.65,8.69,1843348
2019-05-09,8.6,8.65,8.4753,8.52,2173517
2019-05-10,8.52,8.58,8.36,8.49,2003078
2019-05-13,8.33,8.37,8.17,8.27,2641517
2019-05-14,8.32,8.55,8.24,8.53,2407654
2019-05-15,8.44,8.71,8.44,8.7,2028849
2019-05-16,8.74,8.84,8.64,8.68,1570738
2019-05-17,8.54,8.78,8.54,8.61,1789062
2019-05-20,8.46,8.52,7.98,8.06,4858328
2019-05-21,8.07,8.14,7.89,8.13,5226762
2019-05-22,8.07,8.08,7.76,7.89,4218526
2019-05-23,7.84,7.86,7.67,7.705,3361788
2019-05-24,7.71,7.855,7.71,7.82,2225625
2019-05-28,7.85,7.99,7.74,7.74,2384760
2019-05-29,7.73,7.75,7.39,7.57,3770051
2019-05-30,7.57,7.7,7.53,7.59,2379391
2019-05-31,7.47,7.66,7.32,7.58,3362844
2019-06-03,7.58,7.65,7.42,7.46,4321362
2019-06-04,7.58,7.85,7.52,7.8265,6105087
2019-06-05,5.49,5.59,4.71,5.0601,36311921
2019-06-06,4.98,5.13,4.84,5.11,12618043
2019-06-07,5.13,5.23,4.985,5.01,8798677
2019-06-10,5.37,5.55,5.29,5.45,16639061
2019-06-11,5.53,5.85,5.49,5.71,12269378
2019-06-12,5.68,5.8,5.5,5.5,4421059
2019-06-13,5.55,5.73,5.485,5.7,4431009
2019-06-14,5.7,5.825,5.61,5.64,4875971
2019-06-17,5.63,5.81,5.6,5.71,3167849
2019-06-18,5.71,5.83,5.67,5.73,2938671
2019-06-19,5.75,5.75,5.61,5.64,2580764
2019-06-20,5.66,5.69,5.52,5.53,3289060
2019-06-21,5.52,5.52,5.31,5.42,4653963
2019-06-24,5.41,5.47,5.28,5.38,4137557
2019-06-25,5.34,5.53,5.32,5.46,2304957
2019-06-26,5.47,5.52,5.38,5.46,3078700
2019-06-27,5.46,5.59,5.425,5.53,3289242
2019-06-28,5.54,5.58,5.44,5.465,2567536
2019-07-01,5.53,5.57,5.34,5.37,3608056
2019-07-02,5.35,5.45,5.32,5.38,4548059
2019-07-03,5.41,5.43,5.27,5.3,2357384
2019-07-05,5.3,5.64,5.27,5.52,11449708
2019-07-08,5.5,5.53,5.42,5.45,4588808
2019-07-09,5.48,5.55,5.28,5.31,9702990
2019-07-10,5.35,5.37,5.17,5.18,8981830
2019-07-11,4.98,5.01,4.73,4.85,12723512
2019-07-12,4.86,4.93,4.805,4.91,3905674
2019-07-15,4.87,4.89,4.75,4.76,2591145
2019-07-16,4.76,4.81,4.63,4.63,3720652
2019-07-17,4.63,4.645,4.33,4.38,5957659
2019-07-18,4.39,4.4185,4.12,4.2,7567056
2019-07-19,4.22,4.415,4.22,4.33,7048488
2019-07-22,4.33,4.4,4.12,4.15,4907987
2019-07-23,4.15,4.2,3.98,4.1,7111649
2019-07-24,4.08,4.195,4.05,4.08,5369300
2019-07-25,4.1,4.32,3.97,3.975,5135717
2019-07-26,4.0,4.08,3.96,4.02,2689163
2019-07-29,4.02,4.16,4.02,4.12,3726453
2019-07-30,4.1,4.13,3.9,4.03,4627073
2019-07-31,4.03,4.18,4.0,4.03,4254845
2019-08-01,4.02,4.06,3.78,3.84,4998594
2019-08-02,3.83,3.89,3.75,3.78,2832066
2019-08-05,3.72,3.75,3.575,3.71,4954113
2019-08-06,3.73,3.82,3.63,3.82,4484115
2019-08-07,3.74,3.845,3.66,3.8,4588162
2019-08-08,3.84,3.91,3.77,3.9,1953703
2019-08-09,3.83,3.86,3.59,3.59,2749946
2019-08-12,3.58,3.62,3.44,3.5,2084339
2019-08-13,3.48,3.76,3.47,3.48,4062397
2019-08-14,3.39,3.42,3.19,3.33,5124434
2019-08-15,3.32,3.41,3.15,3.23,5294361
2019-08-16,3.25,3.36,3.21,3.325,2613512
2019-08-19,3.37,3.47,3.34,3.39,2522961
2019-08-20,3.35,3.46,3.28,3.42,3855109
2019-08-21,3.5,3.62,3.44,3.55,5037155
2019-08-22,3.97,4.25,3.72,3.88,26033085
2019-08-23,3.84,3.9,3.56,3.66,7958412
2019-08-26,3.72,4.04,3.645,3.81,9512542
2019-08-27,3.87,3.93,3.68,3.69,5252070
2019-08-28,3.7,3.97,3.67,3.87,5942142
2019-08-29,3.93,4.29,3.75,4.25,12512898
2019-08-30,4.26,4.36,3.92,3.97,9317175
2019-09-03,3.97,4.07,3.66,3.81,8271775
2019-09-04,3.88,4.0,3.85,3.975,3968412
2019-09-05,4.08,4.24,4.07,4.23,6198645
2019-09-06,4.24,4.36,4.14,4.3,6163385
2019-09-09,4.35,4.92,4.35,4.77,13411818
2019-09-10,4.87,5.1,4.51,5.09,13291930
2019-09-11,4.19,4.95,3.97,4.576,30948103
2019-09-12,4.6,4.81,4.4332,4.58,8380047
2019-09-13,4.62,4.77,4.37,4.41,6837492
2019-09-16,4.3,4.4675,4.27,4.35,6382070
2019-09-17,4.3,4.34,4.13,4.34,6014127
2019-09-18,4.33,4.69,4.33,4.59,8713662
2019-09-19,4.64,4.67,4.42,4.44,7300223
2019-09-20,4.59,4.8,4.5,4.7101,8348790
2019-09-23,4.68,5.2,4.61,5.02,11448401
2019-09-24,5.14,5.5,4.98,5.02,12204288
2019-09-25,5.09,5.55,5.08,5.21,11020209
2019-09-26,5.19,5.34,5.08,5.28,5532681
2019-09-27,5.25,5.45,5.22,5.34,5062900
2019-09-30,5.43,5.64,5.4,5.52,7597539
2019-10-01,5.64,5.815,5.49,5.59,5829155
2019-10-02,5.55,5.5532,5.24,5.32,6885459
2019-10-03,5.3,5.48,5.23,5.41,3652441
2019-10-04,5.43,5.56,5.37,5.54,3640215
2019-10-07,5.48,5.58,5.41,5.48,3458658
2019-10-08,5.43,5.44,5.16,5.22,3918312
2019-10-09,5.25,5.3,4.96,4.99,4926193
2019-10-10,5.02,5.15,4.96,5.05,4391227
2019-10-11,5.14,5.49,5.14,5.36,4971641
2019-10-14,5.32,5.59,5.22,5.58,4500359
2019-10-15,5.6,5.91,5.59,5.61,5976305
2019-10-16,5.58,5.91,5.58,5.88,3588232
2019-10-17,5.89,6.05,5.8,6.05,3246135
2019-10-18,6.03,6.05,5.77,5.94,3008070
2019-10-21,5.98,6.16,5.82,5.925,3427114
2019-10-22,5.93,6.44,5.93,6.38,3766926
2019-10-23,6.33,6.62,6.23,6.43,3868617
2019-10-24,6.5,6.55,6.03,6.425,4017974
2019-10-25,6.32,6.43,6.25,6.33,2348878
2019-10-28,6.38,6.49,6.17,6.19,2626429
2019-10-29,6.21,6.25,5.785,5.81,3641861
2019-10-30,5.76,5.83,5.52,5.73,3503773
2019-10-31,5.38,5.51,5.31,5.44,2676444
2019-11-01,5.45,6.0,5.43,5.84,4757217
2019-11-04,5.9,6.02,5.77,5.85,3327213
2019-11-05,5.88,6.2,5.86,5.9,3051575
2019-11-06,5.9,6.19,5.82,6.09,3689862
2019-11-07,6.18,6.315,6.04,6.23,2553439
2019-11-08,6.17,6.28,6.05,6.09,1839412
2019-11-11,6.05,6.09,5.77,6.015,2794674
2019-11-12,6.03,6.07,5.87,5.91,1744920
2019-11-13,5.91,5.97,5.81,5.95,1419839
2019-11-14,5.95,6.11,5.9,5.99,1586426
2019-11-15,6.0,6.01,5.85,5.88,2012404
2019-11-18,5.85,5.85,5.61,5.625,2706841
2019-11-19,5.57,5.66,5.45,5.5,3104495
2019-11-20,5.54,5.54,5.3601,5.47,2409374
2019-11-21,5.46,5.58,5.35,5.5,2523204
2019-11-22,5.59,5.85,5.5,5.66,3311597
2019-11-25,5.67,6.06,5.63,6.04,2559323
2019-11-26,6.03,6.26,6.01,6.1,2410955
2019-11-27,6.1,6.39,6.02,6.34,2830953
2019-11-29,6.33,6.39,6.235,6.3,1181193
2019-12-02,6.35,6.46,6.09,6.165,1867171
2019-12-03,6.04,6.18,5.93,6.12,2095930
2019-12-04,6.17,6.49,6.12,6.43,2604918
2019-12-05,6.32,6.52,6.235,6.36,3876960
2019-12-06,6.39,6.67,6.39,6.65,3816596
2019-12-09,6.65,6.92,6.19,6.34,5783210
2019-12-10,6.29,6.54,6.12,6.51,6539324
2019-12-11,5.25,5.81,5.18,5.53,18441103
2019-12-12,5.46,5.7096,5.41,5.58,6127532
2019-12-13,5.47,5.62,5.235,5.46,5109518
2019-12-16,5.39,5.59,5.39,5.5,3986773
2019-12-17,5.5,6.08,5.49,6.07,3818650
2019-12-18,6.06,6.27,5.93,6.18,4283841
2019-12-19,6.21,6.24,6.025,6.07,4036091
2019-12-20,6.06,6.22,5.96,5.98,3401102
2019-12-23,6.05,6.07,5.54,5.62,5911323
2019-12-24,5.65,5.67,5.44,5.44,3159033
2019-12-26,5.47,5.51,5.245,5.41,4060054
2019-12-27,5.42,5.98,5.39,5.89,6949985
2019-12-30,5.88,6.245,5.76,6.125,4119061
2019-12-31,6.08,6.39,5.99,6.08,3438942
2020-01-02,6.14,6.47,6.07,6.31,3950167
2020-01-03,6.21,6.25,5.835,5.89,3243982
2020-01-06,5.8,5.91,5.6,5.85,3148258
2020-01-07,5.77,5.8282,5.44,5.52,4973661
2020-01-08,5.49,5.85,5.41,5.715,4770842
2020-01-09,5.82,5.82,5.48,5.55,2367426
2020-01-10,5.56,5.6,5.38,5.43,2459180
2020-01-13,5.43,5.61,5.33,5.44,3082797
2020-01-14,4.78,5.0,4.53,4.705,11933200
2020-01-15,4.66,4.73,4.55,4.6,4261045
2020-01-16,4.61,4.71,4.52,4.615,3848473
2020-01-17,4.58,4.75,4.51,4.74,3650330
2020-01-21,4.75,4.75,4.55,4.595,6296226
2020-01-22,4.55,4.64,4.46,4.56,4976202
2020-01-23,4.55,4.64,4.46,4.62,3248336
2020-01-24,4.64,4.64,4.25,4.32,7730404
2020-01-27,4.2,4.35,4.16,4.275,1809187
2020-01-28,4.3,4.3,4.18,4.22,1974473
2020-01-29,4.22,4.295,4.13,4.13,1391634
2020-01-30,4.1,4.12,3.88,3.94,2826484
2020-01-31,3.91,3.94,3.83,3.85,2407824
2020-02-03,3.88,3.98,3.86,3.96,1702666
2020-02-04,4.03,4.25,3.97,4.08,3089499
2020-02-05,4.15,4.41,4.15,4.19,2331543
2020-02-06,4.2,4.3,4.135,4.14,1368694
2020-02-07,4.11,4.13,3.77,3.81,2492265
2020-02-10,3.85,4.1,3.74,3.95,2521474
2020-02-11,3.98,4.24,3.95,4.03,2748882
2020-02-12,4.13,4.51,4.07,4.19,4412037
2020-02-13,4.12,4.26,4.07,4.12,1821828
2020-02-14,4.11,4.19,4.02,4.02,1476801
2020-02-18,4.01,4.08,3.96,4.06,1314883
2020-02-19,4.06,4.27,3.915,4.15,2431974
2020-02-20,4.16,4.295,4.1077,4.14,1444132
2020-02-21,4.12,4.18,3.99,4.04,1514507
2020-02-24,3.9,3.93,3.7,3.7,3242293
2020-02-25,3.77,3.79,3.55,3.56,3877445
2020-02-26,3.58,3.62,3.36,3.39,4131986
2020-02-27,3.23,3.625,3.1849,3.47,3509736
2020-02-28,3.34,3.72,3.34,3.595,3745239
2020-03-02,3.6,3.85,3.39,3.845,3029182
2020-03-03,3.88,3.89,3.5,3.64,3979009
2020-03-04,3.71,3.83,3.46,3.76,3947836
2020-03-05,3.7,3.99,3.59,3.95,3353565
2020-03-06,3.84,4.07,3.76,3.92,2001973
2020-03-09,3.55,3.97,3.5,3.71,2513835
2020-03-10,3.94,4.26,3.8,4.22,4676942
2020-03-11,4.14,4.25,4.0,4.14,3949481
2020-03-12,3.7,4.04,3.48,3.98,4643936
2020-03-13,4.13,4.65,3.845,4.59,5321656
2020-03-16,3.93,4.57,3.9,4.39,4386311
2020-03-17,4.4,4.65,4.11,4.23,3193488
2020-03-18,4.1,4.25,3.5,3.78,3083498
2020-03-19,3.71,4.2,3.55,4.19,4750379
2020-03-20,4.08,4.08,3.65,3.755,5301562
2020-03-23,3.58,3.86,3.5,3.81,5586664
2020-03-24,3.95,4.21,3.8901,4.195,6280712
2020-03-25,4.15,4.49,4.04,4.2,3330356
2020-03-26,4.24,4.71,4.24,4.405,4987438
2020-03-27,4.94,5.09,4.15,4.2101,6887786
2020-03-30,4.22,4.27,3.65,3.65,3075337
2020-03-31,3.63,3.8,3.52,3.525,1748239
2020-04-01,3.45,3.49,3.12,3.25,3386185
2020-04-02,3.26,3.35,2.85,2.86,3839698
2020-04-03,2.85,2.94,2.57,2.795,3648164
2020-04-06,2.86,3.2,2.825,3.08,3096691
2020-04-07,3.39,3.4399,3.1,3.28,2525716
2020-04-08,3.23,3.6701,3.2,3.4,2704514
2020-04-09,3.6,4.25,3.49,3.89,5512500
2020-04-13,4.25,4.76,4.16,4.75,6231487
2020-04-14,5.21,6.47,5.14,5.93,12885926
2020-04-15,5.66,5.67,4.9,5.265,7350359
2020-04-16,5.12,5.44,4.88,5.015,3242649
2020-04-17,5.22,5.28,4.43,4.87,5505955
2020-04-20,4.85,5.9,4.78,5.57,6036322
2020-04-21,5.23,5.3,4.76,4.785,3889681
2020-04-22,5.14,5.17,4.83,4.8501,2452616
2020-04-23,4.75,4.89,4.58,4.685,2228738
2020-04-24,4.78,4.85,4.66,4.77,2144889
2020-04-27,4.85,5.99,4.81,5.82,6984468
2020-04-28,5.92,6.04,5.06,5.62,5145770
2020-04-29,5.83,6.09,5.4502,5.99,3298039
2020-04-30,5.87,5.975,5.64,5.73,1891386
2020-05-01,5.65,6.18,5.45,6.05,3932948
2020-05-04,5.84,5.93,5.4,5.46,3092895
2020-05-05,5.55,5.63,5.3501,5.38,2049210
2020-05-06,5.4,5.4,4.9,4.935,3234250
2020-05-07,4.83,4.935,4.65,4.8586,2437425
2020-05-08,4.88,5.19,4.82,4.96,2203215
2020-05-11,4.92,4.959,4.75,4.77,1629811
2020-05-12,4.78,4.92,4.4601,4.54,2504617
2020-05-13,4.54,4.54,4.07,4.2,2820213
2020-05-14,4.15,4.19,3.96,4.14,1937248
2020-05-15,4.05,4.45,4.041,4.23,1827240
2020-05-18,4.4,4.63,4.36,4.57,2227162
2020-05-19,4.58,4.75,4.37,4.44,1783139
2020-05-20,4.5,4.69,4.335,4.42,2029715
2020-05-21,4.45,4.65,4.4,4.45,1780814
2020-05-22,4.46,4.49,4.13,4.18,2178525
2020-05-26,4.34,4.61,4.33,4.42,3412788
2020-05-27,4.57,4.71,4.355,4.681,3008279
2020-05-28,4.75,4.76,4.3,4.33,2068239
2020-05-29,4.33,4.42,4.05,4.06,3394250
2020-06-01,4.12,4.355,4.02,4.14,2540327
2020-06-02,4.27,4.308,4.06,4.18,2307768
2020-06-03,4.24,4.52,4.2,4.45,2951729
2020-06-04,4.44,4.72,4.37,4.47,3264455
2020-06-05,4.29,4.41,4.09,4.14,6042203
2020-06-08,4.28,5.1382,4.2737,4.99,9810701
2020-06-09,5.0,5.0,4.5519,4.955,7397738
2020-06-10,4.78,5.53,4.68,5.06,10335905
2020-06-11,4.64,4.8999,4.18,4.37,6097779
2020-06-12,4.6,4.78,4.42,4.4891,1525038
2020-06-15,4.5,4.77,4.42,4.69,3807621
2020-06-16,4.95,4.95,4.51,4.64,2981635
2020-06-17,4.54,4.831,4.5301,4.76,3011282
2020-06-18,4.67,4.93,4.65,4.92,2913098
2020-06-19,4.95,5.084,4.69,4.81,3858350
2020-06-22,4.79,4.95,4.715,4.87,2483048
2020-06-23,4.95,4.99,4.8,4.84,2446327
2020-06-24,4.83,4.84,4.38,4.41,2841027
2020-06-25,4.33,4.54,4.295,4.46,2328650
2020-06-26,4.48,4.5,4.27,4.38,2687106
2020-06-29,4.35,4.52,4.3,4.37,2033971
2020-06-30,4.33,4.51,4.2,4.33,3106351
2020-07-01,4.31,4.5,4.31,4.44,2106458
2020-07-02,4.49,4.51,4.29,4.29,1702368
2020-07-06,4.31,4.34,4.19,4.24,2055528
2020-07-07,4.2,4.2475,4.06,4.09,2356170
2020-07-08,4.1,4.29,4.03,4.26,1892068
2020-07-09,4.27,4.32,4.13,4.21,1871310
2020-07-10,4.2,4.38,4.1843,4.34,1362668
2020-07-13,4.35,4.5479,4.26,4.26,4140028
2020-07-14,4.22,4.31,4.0,4.09,2194444
2020-07-15,4.13,4.29,4.13,4.19,1339621
2020-07-16,4.19,4.2,4.09,4.165,1181129
2020-07-17,4.16,4.23,3.9381,3.96,2896253
2020-07-20,3.95,4.06,3.77,3.85,3237766
2020-07-21,3.9,4.09,3.88,4.015,3256106
2020-07-22,4.02,4.12,3.92,4.12,2450791
2020-07-23,4.09,4.305,4.06,4.12,2712296
2020-07-24,4.06,4.23,4.01,4.03,2153436
2020-07-27,4.02,4.12,3.95,4.01,2404133
2020-07-28,3.96,4.049,3.9298,3.95,7960992
2020-07-29,3.94,4.18,3.92,4.06,5497800
2020-07-30,4.0,4.23,3.97,4.105,4617248
2020-07-31,4.06,4.16,3.99,4.01,3181073
2020-08-03,4.03,4.25,3.995,4.15,3258740
2020-08-04,4.13,4.7375,4.13,4.44,20501319
2020-08-05,4.5,4.76,4.245,4.63,8989578
2020-08-06,4.6,4.655,4.3801,4.43,3678935
2020-08-07,4.39,4.4,4.06,4.16,6358952
2020-08-10,4.2,4.57,4.185,4.33,7954464
2020-08-11,4.43,4.57,4.34,4.36,5765118
2020-08-12,4.4,4.63,4.36,4.53,5886914
2020-08-13,4.52,4.71,4.4966,4.64,2011069
2020-08-14,4.6,4.83,4.545,4.74,3391455
2020-08-17,4.78,4.78,4.555,4.63,4563382
2020-08-18,4.61,4.87,4.435,4.81,7472714
2020-08-19,4.8,4.84,4.64,4.72,5075106
2020-08-20,4.62,4.68,4.51,4.61,4755058
2020-08-21,4.6,5.6,4.595,5.04,21085620
2020-08-24,5.1,5.13,4.56,4.87,8895624
2020-08-25,4.88,5.25,4.88,4.98,5752630
2020-08-26,4.97,5.22,4.9199,5.11,5372254
2020-08-27,5.11,5.3799,5.02,5.25,6458080
2020-08-28,5.3,5.565,5.215,5.39,7979852
2020-08-31,5.77,7.15,5.69,6.69,73624483
2020-09-01,7.3,7.82,6.77,7.66,44730904
2020-09-02,7.8,8.05,7.11,7.71,24827300
2020-09-03,7.88,8.45,7.24,7.81,27697493
2020-09-04,7.78,7.92,7.17,7.64,14891730
2020-09-08,7.55,8.28,7.48,7.69,19140305
2020-09-09,7.96,7.99,7.31,7.35,13298738
2020-09-10,6.46,6.87,6.19,6.2282,20456397
2020-09-11,6.26,6.33,5.87,6.0925,11684868
2020-09-14,6.8,7.0,6.43,6.91,19123396
2020-09-15,6.82,7.26,6.685,7.08,5465221
2020-09-16,7.03,9.04,7.03,8.674808,18641562
2020-09-17,8.52,9.77,8.41,9.2,15887927
2020-09-18,9.2,9.77,8.91,9.45,12386992
2020-09-21,9.38,9.6,8.38,8.75,6383920
2020-09-22,10.45,11.1699,9.9,10.555,31027438
2020-09-23,10.6,10.86,9.92,10.05,9629871
2020-09-24,9.71,9.81,9.01,9.1352,7718151
2020-09-25,9.19,10.1826,9.1,10.02,7197313
2020-09-28,10.16,10.26,9.55,10.09,6485449
2020-09-29,10.0,10.65,9.93,10.35,9898866
2020-09-30,10.25,10.7597,10.06,10.21,11260776
2020-10-01,10.09,10.25,9.69,9.77,8640084
2020-10-02,9.38,9.78,9.3,9.39,7985981
2020-10-05,9.44,9.59,9.2502,9.45,5436871
2020-10-06,9.56,9.835,9.1,9.14,8330300
2020-10-07,9.23,9.56,9.1678,9.35,6168055
2020-10-08,9.54,13.64,9.19,13.505,130070802
2020-10-09,12.83,14.8,11.9,12.03,144208623
2020-10-12,11.66,12.7662,11.4,11.7903,45116653
2020-10-13,11.73,12.42,11.65,11.87,16800998
2020-10-14,12.67,12.68,12.05,12.25,20312821
2020-10-15,11.99,15.1,11.99,13.82,78187188
2020-10-16,13.77,13.9,13.08,13.31,22133454
2020-10-19,13.44,14.5,13.38,13.91,22466181
2020-10-20,14.03,14.143,13.665,13.86,11903554
2020-10-21,13.9,14.42,13.8,14.095,9562019
2020-10-22,14.2,15.87,14.19,14.91,31002327
2020-10-23,15.05,15.38,14.55,15.03,11691333
2020-10-26,14.93,15.45,13.26,13.495,24927453
2020-10-27,13.71,13.71,12.36,12.7,13925060
2020-10-28,12.27,13.05,11.78,11.81,11797196
2020-10-29,11.88,12.25,11.6801,11.73,7804315
2020-10-30,11.64,11.64,10.36,10.4679,22114485
2020-11-02,10.82,11.09,10.5,10.75,9365824
2020-11-03,10.75,11.86,10.63,11.56,13606713
2020-11-04,11.76,11.7699,10.61,10.9,10882759
2020-11-05,11.27,11.84,11.06,11.46,9002644
2020-11-06,11.52,12.17,11.32,11.87,10636349
2020-11-09,12.76,12.93,11.25,11.5,11906931
2020-11-10,11.5,11.66,10.83,11.11,6924153
2020-11-11,11.5,11.95,11.21,11.76,9480304
2020-11-12,11.74,11.87,10.97,11.14,8313172
2020-11-13,11.36,11.55,11.05,11.115,5535946
2020-11-16,11.16,12.6602,10.72,12.07,18778504
2020-11-17,11.65,11.92,11.23,11.64,12519523
2020-11-18,11.8,12.04,11.56,11.58,5995564
2020-11-19,11.6,12.79,11.45,12.46,22817055
2020-11-20,12.55,13.46,12.54,12.71,16233695
2020-11-23,12.9,14.12,12.67,13.9,18522123
2020-11-24,14.23,14.26,13.3,13.68,13779752
2020-11-25,13.6,15.25,13.42,14.75,17250470
2020-11-27,15.29,16.74,14.88,16.05,24344622
2020-11-30,18.17,19.42,16.5575,16.5678,28681067
2020-12-01,17.11,17.4,15.76,15.81,11269822
2020-12-02,15.7,16.68,15.38,16.59,7544080
2020-12-03,16.48,16.64,15.87,16.12,6164005
2020-12-04,16.3,17.29,16.26,16.91,8465250
2020-12-07,17.0,17.5,16.22,16.32,7137192
2020-12-08,16.37,17.21,15.93,16.92,9257093
2020-12-09,13.92,14.73,13.225,13.6576,23098333
2020-12-10,13.12,14.41,13.05,14.12,7134828
2020-12-11,13.91,14.0,13.02,13.31,7301839
2020-12-14,13.34,13.4335,12.14,12.72,9504017
2020-12-15,12.78,14.02,12.48,13.87,7848846
2020-12-16,13.96,14.305,13.58,13.85,5515693
2020-12-17,13.96,14.98,13.59,14.83,8059572
2020-12-18,15.78,16.3,15.18,15.63,14278720
2020-12-21,15.81,16.348,15.28,15.5202,9150911
2020-12-22,16.22,20.04,16.15,19.43,30096163
2020-12-23,20.17,22.3499,19.13,20.58,25005150
2020-12-24,21.01,21.48,19.95,20.2,5994299
2020-12-28,21.31,21.97,20.35,20.98,8553791
2020-12-29,20.82,21.07,18.56,19.37,9007429
2020-12-30,19.38,20.0,18.85,19.26,5704361
2020-12-31,19.25,19.8,18.8,18.81,5638288
2021-01-04,19.0,19.1,17.15,17.24,9753598
2021-01-05,17.35,18.0765,17.23,17.36,4778357
2021-01-06,17.34,18.98,17.33,18.39,5797094
2021-01-07,18.47,19.45,18.02,18.12,5948426
2021-01-08,18.18,18.3,17.08,17.6899,6138604
2021-01-11,19.41,20.65,19.01,19.93,13474385
2021-01-12,19.96,20.4,19.3168,19.94,13819038
2021-01-13,20.42,38.65,20.03,31.44,286480411
2021-01-14,38.09,43.06,33.05,39.9184,88420572
2021-01-15,38.49,40.75,34.01,35.49,44720935
2021-01-19,41.55,45.52,36.64,39.51,72000893
2021-01-20,37.37,41.1899,36.06,39.12,32647202
2021-01-21,39.23,44.75,37.0,43.02,55420446
2021-01-22,42.59,76.7573,42.32,64.85,192505199
2021-01-25,96.73,159.18,61.13,76.765,162859978
2021-01-26,88.56,150.0,80.2,145.965,157578271
2021-01-27,354.83,380.0,249.0,345.0,75298504
2021-01-28,265.0,483.0,112.25,197.44,46894357
2021-01-29,379.71,413.98,250.0,328.24,44002649
2021-02-01,316.56,322.0,212.0,227.0,32080874
2021-02-02,140.76,158.0,74.2201,90.47,71418097
2021-02-03,112.01,113.3999,85.25,92.0431,37591533
2021-02-04,91.19,91.5,53.33,53.378,59040312
2021-02-05,54.04,95.0,51.09,63.7601,76267482
2021-02-08,72.41,72.66,58.02,59.9599,23719387
2021-02-09,56.61,57.0,46.52,50.32,24854067
2021-02-10,50.77,62.83,46.55,51.19,35107387
2021-02-11,50.01,55.32,48.2201,50.9,12457748
2021-02-12,50.75,55.24,48.05,52.33,14170307
2021-02-16,52.66,53.5,49.04,49.5,7810179
2021-02-17,49.77,51.19,44.56,45.845,9012250
2021-02-18,48.49,48.87,40.65,40.7,22958053
2021-02-19,41.28,43.89,38.5,40.6799,13413503
2021-02-22,46.69,48.51,42.4,45.79,17590276
2021-02-23,44.97,46.23,40.0,44.94,6732431
2021-02-24,44.7,91.7,44.7,91.7,41234938
2021-02-25,169.56,184.68,101.0,109.1599,129363589
2021-02-26,117.46,142.9,86.0,101.5999,86116443
2021-03-01,104.54,133.99,99.97,119.49,46910918
2021-03-02,116.93,133.2,112.2,118.1,32886575
2021-03-03,122.51,127.75,113.12,124.8,17145084
2021-03-04,125.0,147.8699,115.3,132.35,31249447
2021-03-05,128.17,151.53,127.5,137.0,29790721
2021-03-08,154.89,210.8699,146.1,192.99,59746416
2021-03-09,217.71,249.85,208.5101,246.9,34546858
2021-03-10,269.43,348.5,172.0,263.05,68351712
2021-03-11,241.64,281.5,232.6,256.19,26024957
2021-03-12,274.9965,295.5,262.27,264.4589,24317888
2021-03-15,277.52,283.0,206.0,220.13,22828921
2021-03-16,203.16,220.7,172.35,207.6199,33263363
2021-03-17,217.84,231.47,204.0,209.8,14110451
2021-03-18,214.0,218.88,195.65,201.52,11011394
2021-03-19,195.73,227.0,182.66,199.46,22843898
2021-03-22,205.26,210.3562,186.1952,194.52,9108962
2021-03-23,197.5,201.75,177.55,180.34,9983796
2021-03-24,157.26,166.97,118.62,120.34,21433553
2021-03-25,123.02,187.5,116.9,183.71,48504604
2021-03-26,197.75,218.9344,166.0,180.0,33140900
2021-03-29,180.6,193.92,173.51,181.08,9534419
2021-03-30,187.5,204.3,182.0,193.91,16344825
2021-03-31,197.74,199.46,187.1102,190.2,7924208
2021-04-01,193.54,196.969,183.6,190.6,8993188
2021-04-05,171.28,195.0,164.81,186.1239,12245318
2021-04-06,185.61,192.0,183.56,184.4,5861231
2021-04-07,183.4,184.4999,176.11,177.73,4421542
2021-04-08,185.86,185.88,164.3,170.24,9077021
2021-04-09,169.9,171.58,153.0,158.32,9196674
2021-04-12,158.1,163.9,135.01,141.07,16283975
2021-04-13,141.85,145.3771,132.0,140.8,6412974
2021-04-14,144.14,174.09,143.0,166.99,20698092
2021-04-15,163.07,166.2546,152.8,156.32,7529149
2021-04-16,156.45,160.1969,151.25,154.68,4816954
2021-04-19,172.06,175.2,162.33,164.4,9584331
2021-04-20,164.38,164.89,153.36,158.6,4414300
2021-04-21,158.93,162.98,155.92,158.4,3665146
2021-04-22,159.47,159.1,146.86,151.13,4214978
2021-04-23,149.57,153.6598,144.7,151.2,3878079
2021-04-26,151.0,174.6795,148.76,168.8,8684468
2021-04-27,184.13,188.0,173.17,178.0,8406704
2021-04-28,172.43,181.98,166.0281,178.91,5616007
2021-04-29,177.64,180.86,170.75,176.06,3630589
2021-04-30,174.86,183.8,172.7,173.6,4217728
2021-05-03,177.21,177.49,159.61,162.19,4931852
2021-05-04,159.05,161.49,151.8,161.0,3862749
2021-05-05,161.89,165.5,158.33,159.49,2668271
2021-05-06,160.7,164.72,155.6,161.0,2828746
2021-05-07,160.29,167.41,157.5001,161.08,2821271
2021-05-10,161.63,161.585,143.0,143.01,4653507
2021-05-11,137.13,150.5,136.5,146.78,4326434
2021-05-12,145.73,150.5,142.231,144.51,2605449
2021-05-13,147.81,169.95,146.43,164.999,8604101
2021-05-14,161.08,166.47,156.22,159.91,4123856
2021-05-17,159.92,182.5,159.0,180.505,7193150
2021-05-18,174.7,189.2,168.27,180.574,7540252
2021-05-19,172.73,178.9799,164.15,168.839,4603845
