Date,gamestock,gamestonk,gme,r/wallstreetbets,total_tweets
5/21/2018,0,0,267,34,301
5/22/2018,1,0,378,34,413
5/23/2018,0,0,299,25,324
5/24/2018,0,0,301,27,328
5/25/2018,0,0,287,28,315
5/26/2018,0,0,300,29,329
5/27/2018,0,0,432,25,457
5/28/2018,0,0,285,25,310
5/29/2018,0,0,283,33,316
5/30/2018,0,0,269,28,297
5/31/2018,0,0,481,27,508
6/01/2018,0,0,397,37,434
6/02/2018,1,0,235,22,258
6/03/2018,0,0,158,39,197
6/04/2018,0,0,374,27,401
6/05/2018,0,0,376,33,409
6/06/2018,0,0,396,27,423
6/07/2018,0,0,265,33,298
6/08/2018,0,0,306,41,347
6/09/2018,0,0,173,26,199
6/10/2018,0,0,220,31,251
6/11/2018,4,0,255,36,295
6/12/2018,0,0,225,32,257
6/13/2018,0,0,326,35,361
6/14/2018,0,0,182,33,215
6/15/2018,0,0,293,31,324
6/16/2018,0,0,160,28,188
6/17/2018,0,0,123,25,148
6/18/2018,0,0,529,43,572
6/19/2018,0,0,488,36,524
6/20/2018,0,0,0,0,0
6/21/2018,0,0,0,0,0
6/22/2018,0,0,0,0,0
6/23/2018,0,0,0,0,0
6/24/2018,0,0,0,0,0
6/25/2018,0,0,0,0,0
6/26/2018,0,0,0,0,0
6/27/2018,0,0,0,0,0
6/28/2018,0,0,0,0,0
6/29/2018,0,0,0,0,0
6/30/2018,1,0,0,0,1
7/01/2018,0,0,0,0,0
7/02/2018,0,0,0,0,0
7/03/2018,0,0,0,0,0
7/04/2018,0,0,0,0,0
7/05/2018,0,0,0,0,0
7/06/2018,0,0,0,0,0
7/07/2018,0,0,0,0,0
7/08/2018,0,0,0,0,0
7/09/2018,0,0,0,0,0
7/10/2018,0,0,0,0,0
7/11/2018,0,0,0,0,0
7/12/2018,0,0,0,0,0
7/13/2018,0,0,0,0,0
7/14/2018,0,0,0,0,0
7/15/2018,0,0,0,0,0
7/16/2018,1,0,0,0,1
7/17/2018,0,0,0,0,0
7/18/2018,0,0,0,0,0
7/19/2018,0,0,0,0,0
7/20/2018,1,0,0,0,1
7/21/2018,1,0,0,0,1
7/22/2018,1,0,0,0,1
7/23/2018,0,0,0,0,0
7/24/2018,0,0,0,0,0
7/25/2018,1,0,0,0,1
7/26/2018,1,0,0,0,1
7/27/2018,0,0,0,0,0
7/28/2018,0,0,0,0,0
7/29/2018,0,0,0,0,0
7/30/2018,0,0,0,0,0
7/31/2018,0,0,0,0,0
8/01/2018,0,0,0,0,0
8/02/2018,0,0,0,0,0
8/03/2018,0,0,0,0,0
8/04/2018,0,0,0,0,0
8/05/2018,0,0,0,0,0
8/06/2018,0,0,0,0,0
8/07/2018,0,0,0,0,0
8/08/2018,0,0,0,0,0
8/09/2018,0,0,0,0,0
8/10/2018,1,0,0,0,1
8/11/2018,0,0,0,0,0
8/12/2018,0,0,0,0,0
8/13/2018,0,0,0,0,0
8/14/2018,0,0,0,0,0
8/15/2018,0,0,0,0,0
8/16/2018,0,0,0,0,0
8/17/2018,1,0,0,0,1
8/18/2018,0,0,0,0,0
8/19/2018,0,0,0,0,0
8/20/2018,0,0,0,0,0
8/21/2018,0,0,0,0,0
8/22/2018,0,0,0,0,0
8/23/2018,0,0,0,0,0
8/24/2018,0,0,0,0,0
8/25/2018,0,0,0,0,0
8/26/2018,0,0,0,0,0
8/27/2018,0,0,0,0,0
8/28/2018,0,0,0,0,0
8/29/2018,0,0,0,0,0
8/30/2018,0,0,0,0,0
8/31/2018,0,0,0,0,0
9/01/2018,0,0,0,0,0
9/02/2018,0,0,0,0,0
9/03/2018,0,0,0,0,0
9/04/2018,1,0,0,0,1
9/05/2018,0,0,0,0,0
9/06/2018,0,0,0,0,0
9/07/2018,0,0,0,0,0
9/08/2018,0,0,0,0,0
9/09/2018,0,0,0,0,0
9/10/2018,0,0,0,0,0
9/11/2018,6,0,0,0,6
9/12/2018,1,0,0,0,1
9/13/2018,0,0,0,0,0
9/14/2018,0,0,0,0,0
9/15/2018,0,0,0,0,0
9/16/2018,0,0,0,0,0
9/17/2018,1,0,0,0,1
9/18/2018,0,0,0,0,0
9/19/2018,0,0,0,0,0
9/20/2018,0,0,0,0,0
9/21/2018,0,0,0,0,0
9/22/2018,0,0,0,0,0
9/23/2018,0,0,0,0,0
9/24/2018,0,0,0,0,0
9/25/2018,0,0,0,0,0
9/26/2018,0,0,0,0,0
9/27/2018,0,0,0,0,0
9/28/2018,1,0,0,0,1
9/29/2018,0,0,0,0,0
9/30/2018,0,0,0,0,0
10/01/2018,0,0,0,0,0
10/02/2018,0,0,0,0,0
10/03/2018,0,0,0,0,0
10/04/2018,0,0,0,0,0
10/05/2018,0,0,0,0,0
10/06/2018,1,0,0,0,1
10/07/2018,0,0,0,0,0
10/08/2018,0,0,0,0,0
10/09/2018,0,0,0,0,0
10/10/2018,0,0,0,0,0
10/11/2018,0,0,0,0,0
10/12/2018,0,0,0,0,0
10/13/2018,0,0,0,0,0
10/14/2018,1,0,0,0,1
10/15/2018,0,0,0,0,0
10/16/2018,0,0,0,0,0
10/17/2018,0,0,0,0,0
10/18/2018,0,0,0,0,0
10/19/2018,0,0,0,0,0
10/20/2018,0,0,0,0,0
10/21/2018,0,0,0,0,0
10/22/2018,2,0,0,0,2
10/23/2018,0,0,0,0,0
10/24/2018,0,0,0,0,0
10/25/2018,0,0,0,0,0
10/26/2018,2,0,0,0,2
10/27/2018,0,0,0,0,0
10/28/2018,0,0,0,0,0
10/29/2018,0,0,0,0,0
10/30/2018,0,0,0,0,0
10/31/2018,0,0,0,0,0
11/01/2018,0,0,0,0,0
11/02/2018,0,0,0,0,0
11/03/2018,0,0,0,0,0
11/04/2018,0,0,0,0,0
11/05/2018,0,0,0,0,0
11/06/2018,0,0,0,0,0
11/07/2018,1,0,0,0,1
11/08/2018,0,0,0,0,0
11/09/2018,0,0,0,0,0
11/10/2018,0,0,0,0,0
11/11/2018,0,0,0,0,0
11/12/2018,0,0,0,0,0
11/13/2018,0,0,0,0,0
11/14/2018,1,0,0,0,1
11/15/2018,0,0,0,0,0
11/16/2018,0,0,0,0,0
11/17/2018,0,0,0,0,0
11/18/2018,0,0,0,0,0
11/19/2018,0,0,0,0,0
11/20/2018,0,0,0,0,0
11/21/2018,0,0,0,0,0
11/22/2018,0,0,0,0,0
11/23/2018,0,0,0,0,0
11/24/2018,0,0,0,0,0
11/25/2018,7,0,0,0,7
11/26/2018,0,0,0,0,0
11/27/2018,0,0,0,0,0
11/28/2018,0,0,0,0,0
11/29/2018,0,0,0,0,0
11/30/2018,0,0,0,0,0
12/01/2018,1,0,0,0,1
12/02/2018,0,0,0,0,0
12/03/2018,5,0,0,0,5
12/04/2018,0,0,0,0,0
12/05/2018,1,0,0,0,1
12/06/2018,0,0,0,0,0
12/07/2018,1,0,0,0,1
12/08/2018,0,0,0,0,0
12/09/2018,0,0,0,0,0
12/10/2018,0,0,0,0,0
12/11/2018,0,0,0,0,0
12/12/2018,0,0,0,0,0
12/13/2018,1,0,0,0,1
12/14/2018,1,0,0,0,1
12/15/2018,0,0,0,0,0
12/16/2018,0,0,0,0,0
12/17/2018,0,0,0,0,0
12/18/2018,0,0,0,0,0
12/19/2018,0,0,0,0,0
12/20/2018,0,0,0,0,0
12/21/2018,0,0,0,0,0
12/22/2018,0,0,0,0,0
12/23/2018,1,0,0,0,1
12/24/2018,0,0,0,0,0
12/25/2018,0,0,0,0,0
12/26/2018,0,0,0,0,0
12/27/2018,2,0,0,0,2
12/28/2018,0,0,0,0,0
12/29/2018,0,0,0,0,0
12/30/2018,0,0,0,0,0
12/31/2018,0,0,0,0,0
1/01/2019,3,0,0,0,3
1/02/2019,0,0,0,0,0
1/03/2019,0,0,0,0,0
1/04/2019,0,0,0,0,0
1/05/2019,0,0,0,0,0
1/06/2019,1,0,0,0,1
1/07/2019,0,0,0,0,0
1/08/2019,0,0,0,0,0
1/09/2019,0,0,0,0,0
1/10/2019,0,0,0,0,0
1/11/2019,0,0,0,0,0
1/12/2019,0,0,0,0,0
1/13/2019,1,0,0,0,1
1/14/2019,0,0,0,0,0
1/15/2019,0,0,0,0,0
1/16/2019,0,0,0,0,0
1/17/2019,0,0,0,0,0
1/18/2019,0,0,0,0,0
1/19/2019,0,0,0,0,0
1/20/2019,0,0,0,0,0
1/21/2019,1,0,0,0,1
1/22/2019,0,0,0,0,0
1/23/2019,0,0,0,0,0
1/24/2019,0,0,0,0,0
1/25/2019,0,0,0,0,0
1/26/2019,2,0,0,0,2
1/27/2019,0,0,0,0,0
1/28/2019,0,0,0,0,0
1/29/2019,0,0,0,0,0
1/30/2019,0,0,0,0,0
1/31/2019,0,0,0,0,0
2/01/2019,1,0,0,0,1
2/02/2019,0,0,0,0,0
2/03/2019,0,0,0,0,0
2/04/2019,0,0,0,0,0
2/05/2019,0,0,0,0,0
2/06/2019,0,0,0,0,0
2/07/2019,2,0,0,0,2
2/08/2019,0,0,0,0,0
2/09/2019,0,0,0,0,0
2/10/2019,0,0,0,0,0
2/11/2019,0,0,0,0,0
2/12/2019,0,0,0,0,0
2/13/2019,0,0,0,0,0
2/14/2019,0,0,0,0,0
2/15/2019,0,0,0,0,0
2/16/2019,0,0,0,0,0
2/17/2019,0,0,0,0,0
2/18/2019,0,0,0,0,0
2/19/2019,0,0,0,0,0
2/20/2019,0,0,0,0,0
2/21/2019,0,0,0,0,0
2/22/2019,0,0,0,0,0
2/23/2019,0,0,0,0,0
2/24/2019,0,0,0,0,0
2/25/2019,2,0,0,0,2
2/26/2019,0,0,0,0,0
2/27/2019,0,0,0,0,0
2/28/2019,0,0,0,0,0
3/01/2019,0,0,0,0,0
3/02/2019,0,0,0,0,0
3/03/2019,0,0,0,0,0
3/04/2019,0,0,0,0,0
3/05/2019,4,0,0,0,4
3/06/2019,0,0,0,0,0
3/07/2019,0,0,0,0,0
3/08/2019,0,0,0,0,0
3/09/2019,0,0,0,0,0
3/10/2019,0,0,0,0,0
3/11/2019,0,0,0,0,0
3/12/2019,0,0,0,0,0
3/13/2019,0,0,0,0,0
3/14/2019,0,0,0,0,0
3/15/2019,3,0,0,0,3
3/16/2019,0,0,0,0,0
3/17/2019,0,0,0,0,0
3/18/2019,0,0,0,0,0
3/19/2019,0,0,0,0,0
3/20/2019,0,0,0,0,0
3/21/2019,0,0,0,0,0
3/22/2019,0,0,0,0,0
3/23/2019,2,0,0,0,2
3/24/2019,0,0,0,0,0
3/25/2019,0,0,0,0,0
3/26/2019,0,0,0,0,0
3/27/2019,0,0,0,0,0
3/28/2019,1,0,0,0,1
3/29/2019,0,0,0,0,0
3/30/2019,1,0,0,0,1
3/31/2019,0,0,0,0,0
4/01/2019,1,0,0,0,1
4/02/2019,0,0,0,0,0
4/03/2019,0,0,0,0,0
4/04/2019,0,0,0,0,0
4/05/2019,0,0,0,0,0
4/06/2019,0,0,0,0,0
4/07/2019,0,0,0,0,0
4/08/2019,0,0,0,0,0
4/09/2019,0,0,0,0,0
4/10/2019,0,0,0,0,0
4/11/2019,0,0,0,0,0
4/12/2019,0,0,0,0,0
4/13/2019,0,0,0,0,0
4/14/2019,0,0,0,0,0
4/15/2019,0,0,0,0,0
4/16/2019,0,0,0,0,0
4/17/2019,1,0,0,0,1
4/18/2019,0,0,0,0,0
4/19/2019,0,0,0,0,0
4/20/2019,0,0,0,0,0
4/21/2019,0,0,0,0,0
4/22/2019,0,0,0,0,0
4/23/2019,0,0,0,0,0
4/24/2019,0,0,0,0,0
4/25/2019,0,0,0,0,0
4/26/2019,0,0,0,0,0
4/27/2019,0,0,0,0,0
4/28/2019,0,0,0,0,0
4/29/2019,0,0,0,0,0
4/30/2019,1,0,0,0,1
5/01/2019,0,0,0,0,0
5/02/2019,0,0,0,0,0
5/03/2019,0,0,0,0,0
5/04/2019,0,0,0,0,0
5/05/2019,0,0,0,0,0
5/06/2019,0,0,0,0,0
5/07/2019,0,0,0,0,0
5/08/2019,0,0,0,0,0
5/09/2019,0,0,0,0,0
5/10/2019,0,0,0,0,0
5/11/2019,0,0,0,0,0
5/12/2019,0,0,0,0,0
5/13/2019,0,0,0,0,0
5/14/2019,0,0,0,0,0
5/15/2019,0,0,0,0,0
5/16/2019,0,0,0,0,0
5/17/2019,0,0,0,0,0
5/18/2019,1,0,0,0,1
5/19/2019,1,0,0,0,1
5/20/2019,0,0,0,0,0
5/21/2019,0,0,0,0,0
5/22/2019,0,0,0,0,0
5/23/2019,0,0,0,0,0
5/24/2019,0,0,0,0,0
5/25/2019,0,0,0,0,0
5/26/2019,0,0,0,0,0
5/27/2019,0,0,0,0,0
5/28/2019,0,0,0,0,0
5/29/2019,0,0,0,0,0
5/30/2019,2,0,0,0,2
5/31/2019,0,0,0,0,0
6/01/2019,0,0,0,0,0
6/02/2019,0,0,0,0,0
6/03/2019,0,0,0,0,0
6/04/2019,0,0,0,0,0
6/05/2019,17,0,0,0,17
6/06/2019,10,0,0,0,10
6/07/2019,4,0,0,0,4
6/08/2019,0,0,0,0,0
6/09/2019,0,0,0,0,0
6/10/2019,0,0,0,0,0
6/11/2019,4,0,0,0,4
6/12/2019,0,0,0,0,0
6/13/2019,0,0,0,0,0
6/14/2019,0,0,0,0,0
6/15/2019,1,0,0,0,1
6/16/2019,0,0,0,0,0
6/17/2019,0,0,0,0,0
6/18/2019,0,0,0,0,0
6/19/2019,0,0,0,0,0
6/20/2019,0,0,0,0,0
6/21/2019,0,0,0,0,0
6/22/2019,0,0,0,0,0
6/23/2019,0,0,0,0,0
6/24/2019,1,0,0,0,1
6/25/2019,0,0,0,0,0
6/26/2019,0,0,0,0,0
6/27/2019,0,0,0,0,0
6/28/2019,0,0,0,0,0
6/29/2019,0,0,0,0,0
6/30/2019,0,0,0,0,0
7/01/2019,0,0,0,0,0
7/02/2019,0,0,0,0,0
7/03/2019,0,0,0,0,0
7/04/2019,0,0,0,0,0
7/05/2019,0,0,0,0,0
7/06/2019,0,0,0,0,0
7/07/2019,0,0,0,0,0
7/08/2019,0,0,0,0,0
7/09/2019,0,0,0,0,0
7/10/2019,0,0,0,0,0
7/11/2019,0,0,0,0,0
7/12/2019,0,0,0,0,0
7/13/2019,0,0,0,0,0
7/14/2019,0,0,0,0,0
7/15/2019,0,0,0,0,0
7/16/2019,0,0,0,0,0
7/17/2019,0,0,0,0,0
7/18/2019,0,0,0,0,0
7/19/2019,0,0,0,0,0
7/20/2019,0,0,0,0,0
7/21/2019,1,0,0,0,1
7/22/2019,0,0,0,0,0
7/23/2019,0,0,0,0,0
7/24/2019,0,0,0,0,0
7/25/2019,0,0,0,0,0
7/26/2019,0,0,0,0,0
7/27/2019,3,0,0,0,3
7/28/2019,0,0,0,0,0
7/29/2019,0,0,0,0,0
7/30/2019,0,0,0,0,0
7/31/2019,0,0,0,0,0
8/01/2019,0,0,0,0,0
8/02/2019,0,0,0,0,0
8/03/2019,0,0,0,0,0
8/04/2019,0,0,0,0,0
8/05/2019,0,0,0,0,0
8/06/2019,0,0,0,0,0
8/07/2019,0,0,0,0,0
8/08/2019,0,0,0,0,0
8/09/2019,0,0,0,0,0
8/10/2019,0,0,0,0,0
8/11/2019,0,0,0,0,0
8/12/2019,0,0,0,0,0
8/13/2019,0,0,0,0,0
8/14/2019,3,0,0,0,3
8/15/2019,1,0,0,0,1
8/16/2019,0,0,0,0,0
8/17/2019,10,0,0,0,10
8/18/2019,0,0,0,0,0
8/19/2019,2,0,0,0,2
8/20/2019,0,0,0,0,0
8/21/2019,1,0,0,0,1
8/22/2019,1,0,0,0,1
8/23/2019,5,0,0,0,5
8/24/2019,1,0,0,0,1
8/25/2019,2,0,0,0,2
8/26/2019,1,0,0,0,1
8/27/2019,1,0,0,0,1
8/28/2019,0,0,0,0,0
8/29/2019,0,0,0,0,0
8/30/2019,1,0,0,0,1
8/31/2019,0,0,0,0,0
9/01/2019,0,0,0,0,0
9/02/2019,0,0,0,0,0
9/03/2019,0,0,0,0,0
9/04/2019,0,0,0,0,0
9/05/2019,0,0,0,0,0
9/06/2019,1,0,0,0,1
9/07/2019,0,0,0,0,0
9/08/2019,0,0,0,0,0
9/09/2019,0,0,0,0,0
9/10/2019,0,0,0,0,0
9/11/2019,0,0,0,0,0
9/12/2019,0,0,0,0,0
9/13/2019,0,0,0,0,0
9/14/2019,0,0,0,0,0
9/15/2019,0,0,0,0,0
9/16/2019,0,0,0,0,0
9/17/2019,0,0,0,0,0
9/18/2019,0,0,0,0,0
9/19/2019,0,0,0,0,0
9/20/2019,0,0,0,0,0
9/21/2019,0,0,0,0,0
9/22/2019,0,0,0,0,0
9/23/2019,0,0,0,0,0
9/24/2019,0,0,0,0,0
9/25/2019,0,0,0,0,0
9/26/2019,0,0,0,0,0
9/27/2019,0,0,0,0,0
9/28/2019,0,0,0,0,0
9/29/2019,0,0,0,0,0
9/30/2019,0,0,0,0,0
10/01/2019,0,0,0,0,0
10/02/2019,0,0,0,0,0
10/03/2019,0,0,0,0,0
10/04/2019,0,0,0,0,0
10/05/2019,0,0,0,0,0
10/06/2019,0,0,0,0,0
10/07/2019,0,0,0,0,0
10/08/2019,0,0,0,0,0
10/09/2019,0,0,0,0,0
10/10/2019,0,0,0,0,0
10/11/2019,0,0,0,0,0
10/12/2019,0,0,0,0,0
10/13/2019,0,0,0,0,0
10/14/2019,0,0,0,0,0
10/15/2019,0,0,0,0,0
10/16/2019,0,0,0,0,0
10/17/2019,0,0,0,0,0
10/18/2019,0,0,0,0,0
10/19/2019,0,0,0,0,0
10/20/2019,0,0,0,0,0
10/21/2019,0,0,0,0,0
10/22/2019,0,0,0,0,0
10/23/2019,0,0,0,0,0
10/24/2019,0,0,0,0,0
10/25/2019,0,0,0,0,0
10/26/2019,0,0,0,0,0
10/27/2019,0,0,0,0,0
10/28/2019,0,0,0,0,0
10/29/2019,0,0,0,0,0
10/30/2019,0,0,0,0,0
10/31/2019,0,0,0,0,0
11/01/2019,1,0,311,0,312
11/02/2019,0,0,197,0,197
11/03/2019,0,0,146,0,146
11/04/2019,1,0,158,0,159
11/05/2019,0,0,184,0,184
11/06/2019,1,0,277,0,278
11/07/2019,0,0,253,0,253
11/08/2019,2,0,193,0,195
11/09/2019,0,0,180,0,180
11/10/2019,0,0,161,0,161
11/11/2019,0,0,157,0,157
11/12/2019,1,0,186,0,187
11/13/2019,0,0,179,0,179
11/14/2019,0,0,262,0,262
11/15/2019,0,0,"1,977",0,1977
11/16/2019,0,0,826,0,826
11/17/2019,0,0,245,0,245
11/18/2019,0,0,265,0,265
11/19/2019,0,0,246,0,246
11/20/2019,0,0,188,0,188
11/21/2019,1,0,205,0,206
11/22/2019,0,0,287,0,287
11/23/2019,0,0,165,0,165
11/24/2019,0,0,202,0,202
11/25/2019,0,0,197,0,197
11/26/2019,0,0,208,0,208
11/27/2019,1,0,202,0,203
11/28/2019,0,0,165,0,165
11/29/2019,1,0,203,0,204
11/30/2019,1,0,166,0,167
12/01/2019,0,0,0,0,0
12/02/2019,0,0,0,0,0
12/03/2019,0,0,0,0,0
12/04/2019,1,0,0,0,1
12/05/2019,2,0,0,0,2
12/06/2019,0,0,0,0,0
12/07/2019,0,0,0,0,0
12/08/2019,0,0,0,0,0
12/09/2019,0,0,0,0,0
12/10/2019,0,0,0,0,0
12/11/2019,0,0,0,0,0
12/12/2019,0,0,0,0,0
12/13/2019,5,0,0,0,5
12/14/2019,0,0,0,0,0
12/15/2019,1,0,0,0,1
12/16/2019,0,0,0,0,0
12/17/2019,1,0,0,0,1
12/18/2019,1,0,0,0,1
12/19/2019,0,0,0,0,0
12/20/2019,0,0,0,0,0
12/21/2019,0,0,0,0,0
12/22/2019,0,0,0,0,0
12/23/2019,0,0,0,0,0
12/24/2019,0,0,0,0,0
12/25/2019,0,0,0,0,0
12/26/2019,0,0,0,0,0
12/27/2019,0,0,0,0,0
12/28/2019,0,0,0,0,0
12/29/2019,0,0,0,0,0
12/30/2019,0,0,0,0,0
12/31/2019,0,0,0,0,0
1/01/2020,0,0,0,0,0
1/02/2020,0,0,0,0,0
1/03/2020,0,0,0,0,0
1/04/2020,0,0,0,0,0
1/05/2020,0,0,0,0,0
1/06/2020,0,0,0,0,0
1/07/2020,0,0,0,0,0
1/08/2020,0,0,0,0,0
1/09/2020,0,0,0,0,0
1/10/2020,0,0,0,0,0
1/11/2020,0,0,0,0,0
1/12/2020,0,0,0,0,0
1/13/2020,0,0,0,0,0
1/14/2020,0,0,0,0,0
1/15/2020,0,0,0,0,0
1/16/2020,0,0,0,0,0
1/17/2020,0,0,0,0,0
1/18/2020,0,0,0,0,0
1/19/2020,0,0,0,0,0
1/20/2020,0,0,0,0,0
1/21/2020,0,0,0,0,0
1/22/2020,0,0,0,0,0
1/23/2020,0,0,0,0,0
1/24/2020,0,0,0,0,0
1/25/2020,0,0,0,0,0
1/26/2020,0,0,0,0,0
1/27/2020,0,0,0,0,0
1/28/2020,0,0,0,0,0
1/29/2020,0,0,0,0,0
1/30/2020,0,0,0,0,0
1/31/2020,0,0,0,0,0
2/01/2020,0,0,0,0,0
2/02/2020,0,0,0,0,0
2/03/2020,0,0,0,0,0
2/04/2020,0,0,0,0,0
2/05/2020,0,0,0,0,0
2/06/2020,0,0,0,0,0
2/07/2020,1,0,0,0,1
2/08/2020,0,0,0,0,0
2/09/2020,0,0,0,0,0
2/10/2020,0,0,0,0,0
2/11/2020,0,0,0,0,0
2/12/2020,0,0,0,0,0
2/13/2020,0,0,0,0,0
2/14/2020,0,0,0,0,0
2/15/2020,0,0,0,0,0
2/16/2020,0,0,0,0,0
2/17/2020,1,0,0,0,1
2/18/2020,0,0,0,0,0
2/19/2020,0,0,0,0,0
2/20/2020,0,0,0,0,0
2/21/2020,0,0,0,0,0
2/22/2020,0,0,0,0,0
2/23/2020,0,0,0,0,0
2/24/2020,0,0,0,0,0
2/25/2020,0,0,0,0,0
2/26/2020,0,0,0,0,0
2/27/2020,0,0,0,0,0
2/28/2020,0,0,0,0,0
2/29/2020,0,0,0,0,0
3/01/2020,0,0,0,0,0
3/02/2020,0,0,0,0,0
3/03/2020,0,0,0,0,0
3/04/2020,0,0,0,0,0
3/05/2020,0,0,0,0,0
3/06/2020,0,0,0,0,0
3/07/2020,0,0,0,0,0
3/08/2020,0,0,0,0,0
3/09/2020,0,0,0,0,0
3/10/2020,0,0,0,0,0
3/11/2020,0,0,0,0,0
3/12/2020,0,0,0,0,0
3/13/2020,0,0,0,0,0
3/14/2020,0,0,0,0,0
3/15/2020,0,0,0,0,0
3/16/2020,0,0,0,0,0
3/17/2020,0,0,0,0,0
3/18/2020,0,0,0,0,0
3/19/2020,0,0,0,0,0
3/20/2020,0,0,0,0,0
3/21/2020,0,0,0,0,0
3/22/2020,0,0,0,0,0
3/23/2020,0,0,0,0,0
3/24/2020,0,0,0,0,0
3/25/2020,0,0,0,0,0
3/26/2020,0,0,0,0,0
3/27/2020,0,0,0,0,0
3/28/2020,0,0,0,0,0
3/29/2020,0,0,0,0,0
3/30/2020,0,0,0,0,0
3/31/2020,0,0,0,0,0
4/01/2020,1,0,0,0,1
4/02/2020,0,0,0,0,0
4/03/2020,0,0,0,0,0
4/04/2020,0,0,0,0,0
4/05/2020,0,0,0,0,0
4/06/2020,0,0,0,0,0
4/07/2020,0,0,0,0,0
4/08/2020,0,0,0,0,0
4/09/2020,0,0,0,0,0
4/10/2020,0,0,0,0,0
4/11/2020,0,0,0,0,0
4/12/2020,1,0,0,0,1
4/13/2020,0,0,0,0,0
4/14/2020,1,0,0,0,1
4/15/2020,2,0,0,0,2
4/16/2020,0,0,0,0,0
4/17/2020,0,0,0,0,0
4/18/2020,0,0,0,0,0
4/19/2020,0,0,0,0,0
4/20/2020,0,0,0,0,0
4/21/2020,1,0,0,0,1
4/22/2020,0,0,0,0,0
4/23/2020,0,0,0,0,0
4/24/2020,0,0,0,0,0
4/25/2020,0,0,0,0,0
4/26/2020,0,0,0,0,0
4/27/2020,0,0,0,0,0
4/28/2020,0,0,0,0,0
4/29/2020,0,0,0,0,0
4/30/2020,0,0,0,0,0
5/01/2020,0,0,0,0,0
5/02/2020,0,0,0,0,0
5/03/2020,0,0,0,0,0
5/04/2020,0,0,0,0,0
5/05/2020,0,0,0,0,0
5/06/2020,0,0,0,0,0
5/07/2020,0,0,0,0,0
5/08/2020,0,0,0,0,0
5/09/2020,0,0,0,0,0
5/10/2020,0,0,0,0,0
5/11/2020,0,0,0,0,0
5/12/2020,0,0,0,0,0
5/13/2020,0,0,0,0,0
5/14/2020,0,0,0,0,0
5/15/2020,0,0,0,0,0
5/16/2020,0,0,0,0,0
5/17/2020,0,0,0,0,0
5/18/2020,0,0,0,0,0
5/19/2020,0,0,0,0,0
5/20/2020,0,0,0,0,0
5/21/2020,0,0,0,0,0
5/22/2020,0,0,0,0,0
5/23/2020,0,0,0,0,0
5/24/2020,0,0,0,0,0
5/25/2020,0,0,0,0,0
5/26/2020,0,0,0,0,0
5/27/2020,0,0,0,0,0
5/28/2020,0,0,0,0,0
5/29/2020,0,0,0,0,0
5/30/2020,0,0,0,0,0
5/31/2020,0,0,0,0,0
6/01/2020,0,0,0,0,0
6/02/2020,0,0,0,0,0
6/03/2020,0,0,0,0,0
6/04/2020,0,0,0,0,0
6/05/2020,0,0,0,0,0
6/06/2020,0,0,0,0,0
6/07/2020,0,0,0,0,0
6/08/2020,0,0,0,0,0
6/09/2020,0,0,0,0,0
6/10/2020,0,0,0,0,0
6/11/2020,0,0,0,0,0
6/12/2020,0,0,0,0,0
6/13/2020,0,0,0,0,0
6/14/2020,0,0,0,0,0
6/15/2020,0,0,0,0,0
6/16/2020,0,0,0,0,0
6/17/2020,0,0,0,0,0
6/18/2020,0,0,0,0,0
6/19/2020,0,0,0,0,0
6/20/2020,0,0,0,0,0
6/21/2020,0,0,0,0,0
6/22/2020,0,0,0,0,0
6/23/2020,0,0,0,0,0
6/24/2020,0,0,0,0,0
6/25/2020,0,0,0,0,0
6/26/2020,0,0,0,0,0
6/27/2020,0,0,0,0,0
6/28/2020,0,0,0,0,0
6/29/2020,0,0,0,0,0
6/30/2020,1,0,0,0,1
7/01/2020,0,0,0,0,0
7/02/2020,0,0,0,0,0
7/03/2020,0,0,0,0,0
7/04/2020,0,0,0,0,0
7/05/2020,2,0,0,0,2
7/06/2020,0,0,0,0,0
7/07/2020,0,0,0,0,0
7/08/2020,0,0,0,0,0
7/09/2020,0,0,0,0,0
7/10/2020,0,0,0,0,0
7/11/2020,0,0,0,0,0
7/12/2020,0,0,0,0,0
7/13/2020,0,0,0,0,0
7/14/2020,6,0,0,0,6
7/15/2020,1,0,0,0,1
7/16/2020,0,0,0,0,0
7/17/2020,0,0,0,0,0
7/18/2020,0,0,0,0,0
7/19/2020,0,0,0,0,0
7/20/2020,0,0,0,0,0
7/21/2020,0,0,0,0,0
7/22/2020,0,0,0,0,0
7/23/2020,0,0,0,0,0
7/24/2020,0,0,0,0,0
7/25/2020,0,0,0,0,0
7/26/2020,0,0,0,0,0
7/27/2020,0,0,0,0,0
7/28/2020,0,0,0,0,0
7/29/2020,0,0,0,0,0
7/30/2020,0,0,0,0,0
7/31/2020,0,0,0,0,0
8/01/2020,0,0,0,0,0
8/02/2020,0,0,0,0,0
8/03/2020,0,0,0,0,0
8/04/2020,1,0,0,0,1
8/05/2020,1,0,0,0,1
8/06/2020,1,0,0,0,1
8/07/2020,3,0,0,0,3
8/08/2020,0,0,0,0,0
8/09/2020,0,0,0,0,0
8/10/2020,2,0,0,0,2
8/11/2020,0,0,0,0,0
8/12/2020,1,0,0,0,1
8/13/2020,0,0,0,0,0
8/14/2020,1,0,0,0,1
8/15/2020,2,0,0,0,2
8/16/2020,0,0,0,0,0
8/17/2020,1,0,0,0,1
8/18/2020,0,0,0,0,0
8/19/2020,2,0,0,0,2
8/20/2020,2,0,0,0,2
8/21/2020,2,0,0,0,2
8/22/2020,0,0,0,0,0
8/23/2020,0,0,0,0,0
8/24/2020,0,0,0,0,0
8/25/2020,1,0,0,0,1
8/26/2020,0,0,0,0,0
8/27/2020,2,0,0,0,2
8/28/2020,0,0,0,0,0
8/29/2020,1,0,0,0,1
8/30/2020,1,0,0,0,1
8/31/2020,1,0,0,0,1
9/01/2020,2,0,0,0,2
9/02/2020,0,0,0,0,0
9/03/2020,0,0,0,0,0
9/04/2020,0,0,0,0,0
9/05/2020,0,0,0,0,0
9/06/2020,0,0,0,0,0
9/07/2020,0,0,0,0,0
9/08/2020,0,0,0,0,0
9/09/2020,0,0,0,0,0
9/10/2020,0,0,0,0,0
9/11/2020,0,0,0,0,0
9/12/2020,2,0,0,0,2
9/13/2020,0,0,0,0,0
9/14/2020,0,0,0,0,0
9/15/2020,2,0,0,0,2
9/16/2020,0,0,0,0,0
9/17/2020,2,0,0,0,2
9/18/2020,2,0,0,0,2
9/19/2020,0,0,0,0,0
9/20/2020,5,0,0,0,5
9/21/2020,1,0,0,0,1
9/22/2020,2,0,0,0,2
9/23/2020,0,0,0,0,0
9/24/2020,0,0,0,0,0
9/25/2020,1,0,0,0,1
9/26/2020,0,0,0,0,0
9/27/2020,0,0,0,0,0
9/28/2020,0,0,0,0,0
9/29/2020,0,0,0,0,0
9/30/2020,0,0,0,0,0
10/01/2020,0,0,0,0,0
10/02/2020,0,0,0,0,0
10/03/2020,0,0,0,0,0
10/04/2020,0,0,0,0,0
10/05/2020,0,0,0,0,0
10/06/2020,0,0,0,0,0
10/07/2020,0,0,0,0,0
10/08/2020,0,0,0,0,0
10/09/2020,0,0,0,0,0
10/10/2020,0,0,0,0,0
10/11/2020,0,0,0,0,0
10/12/2020,0,0,0,0,0
10/13/2020,0,0,0,0,0
10/14/2020,0,0,0,0,0
10/15/2020,0,0,0,0,0
10/16/2020,0,0,0,0,0
10/17/2020,0,0,0,0,0
10/18/2020,0,0,0,0,0
10/19/2020,0,0,0,0,0
10/20/2020,0,0,0,0,0
10/21/2020,0,0,0,0,0
10/22/2020,0,0,0,0,0
10/23/2020,0,0,0,0,0
10/24/2020,0,0,0,0,0
10/25/2020,0,0,0,0,0
10/26/2020,0,0,0,0,0
10/27/2020,0,0,0,0,0
10/28/2020,0,0,0,0,0
10/29/2020,0,0,0,0,0
10/30/2020,0,0,0,0,0
10/31/2020,0,0,0,0,0
11/01/2020,0,0,0,0,0
11/02/2020,0,0,0,0,0
11/03/2020,0,0,0,0,0
11/04/2020,0,0,0,0,0
11/05/2020,0,0,0,0,0
11/06/2020,0,0,0,0,0
11/07/2020,0,0,0,0,0
11/08/2020,0,0,0,0,0
11/09/2020,0,0,0,0,0
11/10/2020,0,0,0,0,0
11/11/2020,0,0,0,0,0
11/12/2020,0,0,0,0,0
11/13/2020,0,0,0,0,0
11/14/2020,0,0,0,0,0
11/15/2020,0,0,0,0,0
11/16/2020,0,0,0,0,0
11/17/2020,0,0,0,0,0
11/18/2020,0,0,0,0,0
11/19/2020,0,0,0,0,0
11/20/2020,0,0,0,0,0
11/21/2020,0,0,0,0,0
11/22/2020,0,0,0,0,0
11/23/2020,0,0,0,0,0
11/24/2020,0,0,0,0,0
11/25/2020,3,0,0,0,3
11/26/2020,2,0,0,0,2
11/27/2020,5,0,0,0,5
11/28/2020,1,0,0,0,1
11/29/2020,3,0,0,0,3
11/30/2020,1,0,0,0,1
12/01/2020,0,0,0,0,0
12/02/2020,2,0,0,0,2
12/03/2020,2,0,0,0,2
12/04/2020,2,0,0,0,2
12/05/2020,15,0,0,0,15
12/06/2020,32,0,0,0,32
12/07/2020,120,0,0,0,120
12/08/2020,52,0,0,0,52
12/09/2020,47,0,0,0,47
12/10/2020,30,0,0,0,30
12/11/2020,32,0,0,0,32
12/12/2020,47,0,0,0,47
12/13/2020,266,0,0,0,266
12/14/2020,6,0,0,0,6
12/15/2020,1,0,0,0,1
12/16/2020,0,0,0,0,0
12/17/2020,1,0,0,0,1
12/18/2020,1,0,0,0,1
12/19/2020,0,0,0,0,0
12/20/2020,0,0,0,0,0
12/21/2020,1,0,0,0,1
12/22/2020,0,0,0,0,0
12/23/2020,0,1,0,0,1
12/24/2020,0,0,0,0,0
12/25/2020,0,0,0,0,0
12/26/2020,0,0,0,0,0
12/27/2020,0,0,0,0,0
12/28/2020,0,0,0,0,0
12/29/2020,0,0,531,0,531
12/30/2020,0,0,498,0,498
12/31/2020,0,0,499,0,499
1/01/2021,1,0,344,40,385
1/02/2021,0,0,289,62,351
1/03/2021,1,0,328,51,380
1/04/2021,1,0,557,80,638
1/05/2021,0,0,673,57,730
1/06/2021,2,0,690,116,808
1/07/2021,3,0,438,158,599
1/08/2021,3,0,507,135,645
1/09/2021,126,0,313,106,545
1/10/2021,477,0,331,80,888
1/11/2021,122,0,"1,264",159,1545
1/12/2021,44,0,610,101,755
1/13/2021,121,4,"5,352",319,5796
1/14/2021,109,0,"4,503",224,4836
1/15/2021,70,0,"3,043",283,3396
1/16/2021,165,0,"1,094",303,1562
1/17/2021,219,0,"1,116",111,1446
1/18/2021,1,0,"1,507",235,1743
1/19/2021,1,0,"4,417",233,4651
1/20/2021,0,1,"3,481",294,3776
1/21/2021,1,1,"5,335",232,5569
1/22/2021,23,2,"21,535",858,22418
1/23/2021,6,1,"8,052",624,8683
1/24/2021,5,1,"5,518",398,5922
1/25/2021,35,24,"44,652","3,660",48371
1/26/2021,266,"17,147","81,267","23,046",121726
1/27/2021,"3,151","13,757","280,009","49,997",346914
1/28/2021,"9,901","27,724","1,044,462","80,545",1162632
1/29/2021,"4,479","27,983","466,036","26,120",524618
1/30/2021,"1,570","12,487","176,153","31,412",221622
1/31/2021,631,"5,679","111,316","18,664",136290
2/01/2021,581,"4,988","155,941","11,883",173393
2/02/2021,756,"2,786","140,150","10,116",153808
2/03/2021,477,"1,796","56,212","3,788",62273
2/04/2021,281,"1,796","44,134","2,402",48613
2/05/2021,208,"1,196","40,274","1,889",43567
2/06/2021,87,358,"14,791","1,028",16264
2/07/2021,102,330,"12,334","1,388",14154
2/08/2021,468,390,"15,881","1,603",18342
2/09/2021,70,351,"13,665",950,15036
2/10/2021,88,418,"16,935","1,166",18607
2/11/2021,43,294,"12,336",969,13642
2/12/2021,31,396,"9,427",658,10512
2/13/2021,57,159,"5,535",447,6198
2/14/2021,551,232,"4,841",511,6135
2/15/2021,339,121,"4,884",505,5849
2/16/2021,168,156,"6,923",827,8074
2/17/2021,246,177,"9,453",667,10543
2/18/2021,715,616,"19,203","1,083",21617
2/19/2021,199,283,"9,458",880,10820
2/20/2021,292,149,"4,918",902,6261
2/21/2021,338,122,"4,094",819,5373
2/22/2021,35,152,"6,784",715,7686
2/23/2021,31,113,"6,770",682,7596
2/24/2021,132,"1,103","61,794",981,64010
2/25/2021,790,"1,200","68,551","1,952",72493
2/26/2021,73,352,"26,466","1,183",28074
2/27/2021,42,109,"8,513",605,9269
2/28/2021,16,103,"6,743",711,7573
3/01/2021,20,331,"13,900",661,14912
3/02/2021,24,209,"13,102",615,13950
3/03/2021,141,140,"11,670",722,12673
3/04/2021,36,153,"13,641",698,14528
3/05/2021,29,139,"15,420",559,16147
3/06/2021,9,139,"5,839",473,6460
3/07/2021,44,135,"4,535",401,5115
3/08/2021,26,370,"18,957",670,20023
3/09/2021,90,313,"21,789",713,22905
3/10/2021,85,636,"45,830",904,47455
3/11/2021,31,265,"20,258",856,21410
3/12/2021,26,170,"15,256",700,16152
3/13/2021,20,117,"6,218",492,6847
3/14/2021,7,101,"6,774",875,7757
3/15/2021,13,228,"14,076",573,14890
3/16/2021,19,224,"13,569",687,14499
3/17/2021,13,119,"12,596",545,13273
3/18/2021,4,128,"9,848",533,10513
3/19/2021,9,123,"11,675",470,12277
3/20/2021,6,104,"5,096",315,5521
3/21/2021,13,53,"5,283",262,5611
3/22/2021,10,75,"8,838",353,9276
3/23/2021,35,160,"15,335",464,15994
3/24/2021,24,162,"17,729","1,039",18954
3/25/2021,22,148,"25,442",623,26235
3/26/2021,25,126,"15,941",544,16636
3/27/2021,6,84,"5,558",304,5952
3/28/2021,7,82,"5,164",498,5751
3/29/2021,1,71,"9,616",446,10134
3/30/2021,9,56,"11,561",383,12009
3/31/2021,7,44,"10,144",383,10578
4/01/2021,8,46,"9,078",264,9396
4/02/2021,7,29,"5,322",295,5653
4/03/2021,2,32,"4,559",125,4718
4/04/2021,3,53,"4,462",230,4748
4/05/2021,7,75,"10,296",355,10733
4/06/2021,21,110,"7,525",275,7931
4/07/2021,3,76,"8,287",312,8678
4/08/2021,9,66,"10,297",366,10738
4/09/2021,9,68,"8,786",488,9351
4/10/2021,3,52,"4,807",243,5105
4/11/2021,5,22,"3,404",283,3714
4/12/2021,6,124,"12,463",286,12879
4/13/2021,8,54,"10,632",418,11112
4/14/2021,8,61,"11,496",401,11966
4/15/2021,13,87,"8,502","1,121",9723
4/16/2021,15,81,"13,935",726,14757
4/17/2021,9,51,"5,937",526,6523
4/18/2021,5,49,"6,299",307,6660
4/19/2021,2,37,"10,678",335,11052
4/20/2021,6,39,"9,225",297,9567
4/21/2021,10,34,"8,381",249,8674
4/22/2021,9,54,"8,625",358,9046
4/23/2021,4,29,"8,198",250,8481
4/24/2021,0,36,"4,222",326,4584
4/25/2021,3,25,"4,046",304,4378
4/26/2021,7,"1,656","11,757",378,13798
4/27/2021,8,"1,131","17,511",316,18966
4/28/2021,5,142,"8,857",280,9284
4/29/2021,3,79,"8,759",249,9090
4/30/2021,2,73,"9,451",371,9897
5/01/2021,0,38,"3,981",0,4019
5/02/2021,0,33,"4,283",0,4316
5/03/2021,0,51,"9,408",0,9459
5/04/2021,0,0,0,0,0
5/05/2021,0,0,0,0,0
5/06/2021,0,0,0,0,0
5/07/2021,0,0,0,0,0
5/08/2021,0,0,0,0,0
5/09/2021,0,0,0,0,0
5/10/2021,0,0,0,0,0
5/11/2021,0,0,0,0,0
5/12/2021,0,0,0,0,0
5/13/2021,0,0,0,0,0
5/14/2021,0,0,0,0,0
5/15/2021,0,0,0,0,0
5/16/2021,0,0,0,0,0
5/17/2021,0,0,0,0,0
5/18/2021,0,0,0,0,0
5/19/2021,0,0,0,0,0
